{
  "branch": "diag/acoustic-bc",
  "sdm25_total_wall_s": 92.66261601448059,
  "sdm26_total_wall_s": 100.07080388069153,
  "sdm25_max_nonconservation": 8.348356728138384e-18,
  "sdm26_max_nonconservation": 5.908901840045999e-18,
  "egt_band_K": [
    800.0,
    1500.0
  ],
  "nc_max_per_cycle_bar_kg": 1e-12,
  "rpms": [
    6000.0,
    6500.0,
    7000.0,
    7500.0,
    8000.0,
    8500.0,
    9000.0,
    9500.0,
    10000.0,
    10500.0,
    11000.0,
    11500.0,
    12000.0,
    12500.0,
    13000.0,
    13500.0
  ]
}