{
  "branch": "phase-e/junction-coupling",
  "junction_type": "characteristic",
  "sdm25_total_wall_s": 206.75851011276245,
  "sdm26_total_wall_s": 337.4584279060364,
  "sdm25_max_nonconservation": 5.560453857172921e-06,
  "sdm26_max_nonconservation": 1.245249530265678e-06,
  "egt_band_K": [
    1000.0,
    1500.0
  ],
  "egt_band_note": "valve-face, updated 2026-04-14 per Phase E review",
  "nc_max_per_cycle_kg": 1e-05,
  "rpms": [
    6000.0,
    6500.0,
    7000.0,
    7500.0,
    8000.0,
    8500.0,
    9000.0,
    9500.0,
    10000.0,
    10500.0,
    11000.0,
    11500.0,
    12000.0,
    12500.0,
    13000.0,
    13500.0
  ]
}